id;code;nom;num_emp;prenom;expert_level;photo;photo_content_type;type;nbr_patients;rating;description
1;b parsing copying;Real Royale;Realigned deliver;Franc;83165;../fake-data/blob/hipster.png;image/png;Tasty Borders compelling;98860;57617;../fake-data/blob/hipster.txt
2;back-end Fantastic;Personal Rican;Fish;Awesome JSON Avon;88832;../fake-data/blob/hipster.png;image/png;invoice SMTP;42200;78093;../fake-data/blob/hipster.txt
3;Avon Ergonomic Awesome;Kip a Compatible;payment local Cheese;El Laos deposit;59688;../fake-data/blob/hipster.png;image/png;Shirt Account c;28814;56138;../fake-data/blob/hipster.txt
4;Sausages bypass Lithuanian;Home a Checking;Lettonie;Small 24/7;4427;../fake-data/blob/hipster.png;image/png;connect enhance Fish;93966;38638;../fake-data/blob/hipster.txt
5;ubiquitous iterate Electronics;e-services networks;silver;frictionless;19442;../fake-data/blob/hipster.png;image/png;de c violet;68349;45680;../fake-data/blob/hipster.txt
6;calculating bricks-and-clicks Avon;Toys SQL;incremental Kip Directeur;Account ADP Toys;70446;../fake-data/blob/hipster.png;image/png;navigating payment;52616;21925;../fake-data/blob/hipster.txt
7;card clicks-and-mortar Panoramas;Health reciprocal;Soap bricks-and-clicks;Baby;30680;../fake-data/blob/hipster.png;image/png;New;60693;14575;../fake-data/blob/hipster.txt
8;Shirt system a;l'Abbaye global Gourde;Buckinghamshire CFP Berkshire;invoice Guatemala Loan;10148;../fake-data/blob/hipster.png;image/png;systematic Wooden niches;89883;53563;../fake-data/blob/hipster.txt
9;card;turquoise;RSS Account;function;23620;../fake-data/blob/hipster.png;image/png;Lorraine systems;42994;75706;../fake-data/blob/hipster.txt
10;Berkshire redundant Euro;copying azure cyan;parse Kids;Champagne-Ardenne up Synergized;70023;../fake-data/blob/hipster.png;image/png;Credit enhance Huchette;20939;2916;../fake-data/blob/hipster.txt
