id;email;code;mot_de_passe;role;ip;status
1;Mrove_Renault@yahoo.fr;Handmade Awesome;AI;Account Sausages Account;Handcrafted;Rivoli drive
2;Martial_Faure57@yahoo.fr;Alsace maximize Down-sized;transmitting Intelligent;Centre;Provence-Alpes-Côte transmit;Belize
3;Aurlie_Rey44@gmail.com;Ouguiya;Vision-oriented lavender channels;a Lettonie Mouse;Handcrafted turn-key Rustic;tan
4;Berthe.Sanchez@yahoo.fr;Kenya b a;connect;Aquitaine a navigate;Stagiaire;SSL
5;Reybaud.Rolland@hotmail.fr;Account;Producteur Gambie plum;bifurcated access;frame Keyboard tangible;Steel
6;Thophraste.Andre@hotmail.fr;PCI Cotton Future-proofed;wireless;Card Israël;c payment AI;Guatemala Account
7;lose27@gmail.com;copying;niches;Pastourelle Loan;hacking Front-line redundant;copy
8;Fantine10@hotmail.fr;groupware generate;invoice Clothing;Zadkine Bacon killer;optical web Optional;synthesizing
9;Foulques_Girard@gmail.com;Rustic d'Orsel Chair;Small compress Pastourelle;sky relationships;b e-services;architectures real-time deposit
10;Soline.Marty6@yahoo.fr;ivory;Assistant;e-markets auxiliary;Books l'Abbaye;compressing streamline
