id;code;nom;num_emp;prenom;admin;photo;photo_content_type
1;indexing;copying;Oberkampf;Cotton Centre;true;../fake-data/blob/hipster.png;image/png
2;Assistant;well-modulated;Ghana;back-end IB;false;../fake-data/blob/hipster.png;image/png
3;cross-media regional;withdrawal bus;Loire Pants Sleek;deposit bypassing;false;../fake-data/blob/hipster.png;image/png
4;Account c Investment;enable Berkshire;Robust application invoice;Tools Granite optical;false;../fake-data/blob/hipster.png;image/png
5;SSL Robust;application black policy;Administrateur Synergized;b;true;../fake-data/blob/hipster.png;image/png
6;Wooden;Bonaparte b;De-engineered Cotton;Brunei Architecte Île-de-France;true;../fake-data/blob/hipster.png;image/png
7;Île-de-France Quetzal Corse;input Frozen blue;Handcrafted Unbranded;system Home Checking;false;../fake-data/blob/hipster.png;image/png
8;Soap virtual;functionalities Forint;Object-based Kids Chips;Borders B2B withdrawal;true;../fake-data/blob/hipster.png;image/png
9;JSON Sleek Granite;SCSI Refined overriding;Awesome AGP Tools;Innovative;true;../fake-data/blob/hipster.png;image/png
10;monitor Generic;XSS Corse;b integrated;encryption core a;true;../fake-data/blob/hipster.png;image/png
